Key	ChapterId	Id	Star	Name	Group	Kind	Brand	Start	End	Image	Item1Category	Item1Key	Item1Image	Item1SealId	Item1Point	Item1IsSet	Item2Category	Item2Key	Item2Image	Item2SealId	Item2Point	Item2IsSet	Item3Category	Item3Key	Item3Image	Item3SealId	Item3Point	Item3IsSet	Item4Category	Item4Key	Item4Image	Item4SealId	Item4Point	Item4IsSet
	special	9900001	4	スプリングブロッサム	ひみつのアイプリミルフィーカード vol.1	ひみつのアイプリミルフィーカード vol.1					トップス	910001	Items/m1-001-1.png	M1-001-1	150		ボトムス	910002	Items/m1-001-2.png	M1-001-2	130		シューズ	910003	Items/m1-001-3.png	M1-001-3	150		アクセ	910004	Items/m1-001-4.png	M1-001-4	140	
	special	9900002	4	スプリングブルーバタフライ	ひみつのアイプリミルフィーカード vol.1	ひみつのアイプリミルフィーカード vol.1					トップス	910005	Items/m1-002-1.png	M1-002-1	140		ボトムス	910006	Items/m1-002-2.png	M1-002-2	150		シューズ	910007	Items/m1-002-3.png	M1-002-3	140		アクセ	910008	Items/m1-002-4.png	M1-002-4	140	
	special	9900003	4	バタフライマジックブルー	ひみつのアイプリミルフィーカード vol.1	ひみつのアイプリミルフィーカード vol.1					トップス	910009	Items/m1-003-1.png	M1-003-1	150		ボトムス	910010	Items/m1-003-2.png	M1-003-2	160		シューズ	910011	Items/m1-003-3.png	M1-003-3	120		アクセ	910012	Items/m1-003-4.png	M1-003-4	140	
	special	9900004	3	フラワーチュールスカーレット	ひみつのアイプリミルフィーカード vol.1	ひみつのアイプリミルフィーカード vol.1					トップス	910013	Items/m1-004-1.png	M1-004-1	100		ボトムス	910014	Items/m1-004-2.png	M1-004-2	100		シューズ	910015	Items/m1-004-3.png	M1-004-3	110		アクセ	910016	Items/m1-004-4.png	M1-004-4	100	
	special	9900005	3	スターメロディマジカル	ひみつのアイプリミルフィーカード vol.1	ひみつのアイプリミルフィーカード vol.1					トップス	910017	Items/m1-005-1.png	M1-005-1	100		ボトムス	910018	Items/m1-005-2.png	M1-005-2	990		シューズ	910019	Items/m1-005-3.png	M1-005-3	120		アクセ	910020	Items/m1-005-4.png	M1-005-4	100	
	special	9900006	3	ハニービービビッドピンク	ひみつのアイプリミルフィーカード vol.1	ひみつのアイプリミルフィーカード vol.1					トップス	910021	Items/m1-006-1.png	M1-006-1	110		ボトムス	910022	Items/m1-006-2.png	M1-006-2	110		シューズ	910023	Items/m1-006-3.png	M1-006-3	100		アクセ	910024	Items/m1-006-4.png	M1-006-4	990	
	special	9900007	2	ラブリーアイドルホワイトブルー	ひみつのアイプリミルフィーカード vol.1	ひみつのアイプリミルフィーカード vol.1					トップス	910025	Items/m1-007-1.png	M1-007-1	70		ボトムス	910026	Items/m1-007-2.png	M1-007-2	990		シューズ	910027	Items/m1-007-3.png	M1-007-3	80		アクセ	910028	Items/m1-007-4.png	M1-007-4	990	
	special	9900008	2	クールアイドルパープルブラック	ひみつのアイプリミルフィーカード vol.1	ひみつのアイプリミルフィーカード vol.1					トップス	910029	Items/m1-008-1.png	M1-008-1	990		ボトムス	910030	Items/m1-008-2.png	M1-008-2	990		シューズ	910031	Items/m1-008-3.png	M1-008-3	80		アクセ	910032	Items/m1-008-4.png	M1-008-4	70	
	special	9900009		スターリースカイ	ひみつのアイプリDXデビューセット	ひみつのアイプリDXデビューセット みつきモデル					トップス	910033	Items/starry_sky-1.png				ボトムス	910034	Items/starry_sky-2.png				シューズ	910035	Items/starry_sky-3.png				アクセ	910036	Items/starry_sky-4.png			
	special	9900010		パティシエチョコミント	ひみつのアイプリDXデビューセット	ひみつのアイプリDXデビューセット みつきモデル					トップス	910037	Items/patissier_choco_mint-1.png				ボトムス	910038	Items/patissier_choco_mint-2.png				シューズ	910039	Items/patissier_choco_mint-3.png				アクセ	910040	Items/patissier_choco_mint-4.png			
	special	9900011		ギンガムチェックグレープ	ひみつのアイプリDXデビューセット	ひみつのアイプリDXデビューセット みつきモデル					トップス	910041	Items/gingham_check_grape-1.png				ボトムス	910042	Items/gingham_check_grape-2.png				シューズ	910043	Items/gingham_check_grape-3.png				アクセ	910044	Items/gingham_check_grape-4.png			
	2	9900012		ひみつのはつねミクコーデ	初音ミクコラボ	初音ミクコラボ					ワンピ	910045	Items/himitsu_no_hatsune_miku-1.png				シューズ	910046	Items/himitsu_no_hatsune_miku-2.png				アクセ	910047	Items/himitsu_no_hatsune_miku-3.png			
	special	9900013		レインボースカイ	ひみつのアイプリDXデビューセット	ひみつのアイプリDXデビューセット ひまりモデル					トップス	910048					ボトムス	910049					シューズ	910050					アクセ	910051				
	special	9900014		パティシエストロベリー	ひみつのアイプリDXデビューセット	ひみつのアイプリDXデビューセット ひまりモデル					トップス	910052					ボトムス	910053					シューズ	910054					アクセ	910055				
	special	9900015		ギンガムチェックチェリー	ひみつのアイプリDXデビューセット	ひみつのアイプリDXデビューセット ひまりモデル					トップス	910056					ボトムス	910057					シューズ	910058					アクセ	910059				
	special	9900016		サニースカイ	ひみつのアイプリDXデビューセット	ひみつのアイプリDXデビューセット つむぎモデル					トップス	910060					ボトムス	910061					シューズ	910062					アクセ	910063				
	special	9900017		パティシエはちみつパンケーキ	ひみつのアイプリDXデビューセット	ひみつのアイプリDXデビューセット つむぎモデル					トップス	910064					ボトムス	910065					シューズ	910066					アクセ	910067				
	special	9900018		ギンガムチェックレモン	ひみつのアイプリDXデビューセット	ひみつのアイプリDXデビューセット つむぎモデル					トップス	910068					ボトムス	910069					シューズ	910070					アクセ	910071				
	special	9900019		にゃんにゃんロリータ	ひみつのアイプリミルフィーカード vol.2	ひみつのアイプリミルフィーカード vol.2					トップス	910072	Items/m2-001-1.png	M2-001-1			ボトムス	910073	Items/m2-001-2.png	M2-001-2			シューズ	910074	Items/m2-001-3.png	M2-001-3			アクセ	910075	Items/m2-001-4.png	M2-001-4		
	special	9900020		ウェルカムチェリーグリーン	ひみつのアイプリミルフィーカード vol.2	ひみつのアイプリミルフィーカード vol.2					ワンピ	910076	Items/m2-003-1.png	M2-003-1			シューズ	910077	Items/m2-003-2.png	M2-003-3			アクセ	910078	Items/m2-003-3.png	M2-003-4		
	special	9900021		ぽんぽんすずらんブルー	ひみつのアイプリミルフィーカード vol.2	ひみつのアイプリミルフィーカード vol.2					トップス	910079	Items/m2-004-1.png	M2-004-1			ボトムス	910080	Items/m2-004-2.png	M2-004-2			シューズ	910081	Items/m2-004-3.png	M2-004-3			アクセ	910082	Items/m2-004-4.png	M2-004-4		
	special	9900022		ことりメルヘンスカイ	ひみつのアイプリミルフィーカード vol.2	ひみつのアイプリミルフィーカード vol.2					トップス	910083	Items/m2-005-1.png	M2-005-1			ボトムス	910084	Items/m2-005-2.png	M2-005-2			シューズ	910085	Items/m2-005-3.png	M2-005-3			アクセ	910086	Items/m2-005-4.png	M2-005-4		
	special	9900023		ローズプリンスシック	ひみつのアイプリミルフィーカード vol.2	ひみつのアイプリミルフィーカード vol.2					トップス	910087	Items/m2-006-1.png	M2-006-1			ボトムス	910088	Items/m2-006-2.png	M2-006-2			シューズ	910089	Items/m2-006-3.png	M2-006-3			アクセ	910090	Items/m2-006-4.png	M2-006-4		
	special	9900024		ハッピーチアフレッシュ	ひみつのアイプリミルフィーカード vol.2	ひみつのアイプリミルフィーカード vol.2					トップス	910091	Items/m2-007-1.png	M2-007-1			ボトムス	910092	Items/m2-007-2.png	M2-007-2			シューズ	910093	Items/m2-007-3.png	M2-007-3			アクセ	910094	Items/m2-007-4.png	M2-007-4		
	special	9900025		ゴシックマリン	ひみつのアイプリミルフィーカード vol.2	ひみつのアイプリミルフィーカード vol.2					トップス	910095	Items/m2-008-1.png	M2-008-1			ボトムス	910096	Items/m2-008-2.png	M2-008-2			シューズ	910097	Items/m2-008-3.png	M2-008-3			アクセ	910098	Items/m2-008-4.png	M2-008-4		
	special	9900026		わんわんロリータ	ひみつのアイプリミルフィーカード vol.2	ひみつのアイプリミルフィーカード vol.2					トップス	910099	Items/m2-002-1.png	M2-002-1			ボトムス	910100	Items/m2-002-2.png	M2-002-2			シューズ	910101	Items/m2-002-3.png	M2-002-3			アクセ	910102	Items/m2-002-4.png	M2-002-4		
	special	9900027		アイプリバースフラワーマーチピンク	モーリーファンタジー	モーリーファンタジー					ワンピ	910103					シューズ	910104					アクセ	910105				
	special	9900028		フレッシュレモンパープル	CD・Blu-ray	キャラクターソングミニアルバム					ワンピ	910106					シューズ	910107					アクセ	910108				
	3	9900029		マーメイドグランプリパープル	店頭大会	お店でアイプリグランプリ　参加景品					ワンピ	910109					シューズ	910110					アクセ	910111				
	3	9900030		ミルキーウェイピンク	店頭大会	お店でアイプリグランプリ　抽選参加景品					トップス	910112					ボトムス	910113					シューズ	910114					アクセ	910115				
	3	9900031		セーラーカジュアルゆめかわ	TGC 2024 A/W	TGC 2024 A/W					トップス	910116				
	special	9900032		シークレットフレンズ∞バズリウムパープル	ひみつのアイプリ ハートPod&アイプリマイク	ひみつのアイプリ ハートPod&アイプリマイク	ポッピンハート				ワンピ	910117					シューズ	910118					アクセ	910119				
	special	9900033		マジシャンキャットイエロー	CD・Blu-ray	ひみつのアイプリ Blu-ray BOX SECRET.1	ミラクルムーン			Items/magician_cat_yellow.png	トップス	910120	Items/magician_cat_yellow-1.png				ボトムス	910121	Items/magician_cat_yellow-2.png				シューズ	910122	Items/magician_cat_yellow-3.png				アクセ	910123	Items/magician_cat_yellow-4.png			
	4	9900034		ミラクルムーンバズリウムピンク	店舗限定	モーリーファンタジー・PALO限定チャンス					ワンピ	910124					シューズ	910125					アクセ	910126				
	4	9900035		ポッピンハートバズリウムブルー	店舗限定	namco限定チャンス					ワンピ	910127					シューズ	910128					アクセ	910129				
	4	9900036		カワイイあめちゃんげんきオレンジ	店頭大会	お店でアイプリグランプリ　抽選参加景品					ワンピ	910130					シューズ	910131					アクセ	910132				
	4	9900037		フェザーグランプリクールピンク	店頭大会	お店でアイプリグランプリ　参加景品					ワンピ	910133					シューズ	910134					アクセ	910135				
	special	9900038		アイプリバースフラワーマーチプリンセス	ひみつのアイプリブレス	ひみつのアイプリブレスDXセット					ワンピ	910136	Items/aipri_verse_flower_march_princess-1.png				シューズ	910137	Items/aipri_verse_flower_march_princess-3.png				アクセ	910138	Items/aipri_verse_flower_march_princess-4.png			
	special	9900039		ウィンタースノー	ひみつのアイプリコスメセット	ひみつのアイプリ ウィンタースノーコスメセット					トップス	910139					ボトムス	910140					シューズ	910141					アクセ	910142				
	special	9900040		バタフライマジックキュート	ひみつのアイプリブレス	ひみつのアイプリブレス リフィルチーク コーラルピンク					トップス	910143					ボトムス	910144					シューズ	910145					アクセ	910146				
	special	9900041		ウィンターパープルバタフライ	ひみつのアイプリブレス	ひみつのアイプリブレス リフィルパフューム ホワイトラベンダーの香り					トップス	910147					ボトムス	910148					シューズ	910149					アクセ	910150				
	special	9900042		エレガントジュエルピンク	CD・Blu-ray	ひみつのアイプリ Blu-ray BOX SECRET.2					ワンピ	40425	Items/elegant_jewel_pink-1.png				シューズ	40426	Items/elegant_jewel_pink-3.png				アクセ	40427	Items/elegant_jewel_pink-4.png			
	special	9900043		おとぎばなしかぐやひめ	ひみつのアイプリミルフィーカード vol.3	ひみつのアイプリミルフィーカード vol.3					ワンピ	910151	Items/m3-001-1.png	M3-001-1			シューズ	910152	Items/m3-001-2.png	M3-001-3			アクセ	910153	Items/m3-001-3.png	M3-001-4		
	special	9900044		おとぎばなしシンデレラピンク	ひみつのアイプリミルフィーカード vol.3	ひみつのアイプリミルフィーカード vol.3					トップス	910154	Items/m3-002-1.png	M3-002-1			ボトムス	910155	Items/m3-002-2.png	M3-002-2			シューズ	910156	Items/m3-002-3.png	M3-002-3			アクセ	910157	Items/m3-002-4.png	M3-002-4		
	special	9900045		おとぎばなしあかずきんブルー	ひみつのアイプリミルフィーカード vol.3	ひみつのアイプリミルフィーカード vol.3					トップス	910158	Items/m3-003-1.png	M3-003-1			ボトムス	910159	Items/m3-003-2.png	M3-003-2			シューズ	910160	Items/m3-003-3.png	M3-003-3			アクセ	910161	Items/m3-003-4.png	M3-003-4		
	special	9900046		アイプリバーススカーレットバタフライラブピンク	ひみつのアイプリミルフィーカード vol.3	ひみつのアイプリミルフィーカード vol.3					ワンピ	910162	Items/m3-004-1.png	M3-004-1			シューズ	910163	Items/m3-004-2.png	M3-004-3			アクセ	910164	Items/m3-004-3.png	M3-004-4		
	special	9900047		アイスクリームグレープ	ひみつのアイプリミルフィーカード vol.3	ひみつのアイプリミルフィーカード vol.3					トップス	910165	Items/m3-005-1.png	M3-005-1			ボトムス	910166	Items/m3-005-2.png	M3-005-2			シューズ	910167	Items/m3-005-3.png	M3-005-3			アクセ	910168	Items/m3-005-4.png	M3-005-4		
	special	9900048		ラブリーアイドルグリーンオレンジ	ひみつのアイプリミルフィーカード vol.3	ひみつのアイプリミルフィーカード vol.3					トップス	910169	Items/m3-006-1.png	M3-006-1			ボトムス	910170	Items/m3-006-2.png	M3-006-2			シューズ	910171	Items/m3-006-3.png	M3-006-3			アクセ	910172	Items/m3-006-4.png	M3-006-4		
	special	9900049		セーラーカジュアルネイビーイエロー	ひみつのアイプリミルフィーカード vol.3	ひみつのアイプリミルフィーカード vol.3					トップス	910173	Items/m3-007-1.png	M3-007-1			ボトムス	910174	Items/m3-007-2.png	M3-007-2			シューズ	910175	Items/m3-007-3.png	M3-007-3			アクセ	910176	Items/m3-007-4.png	M3-007-4		
	special	9900050		チューリップレトロブラウン	ひみつのアイプリミルフィーカード vol.3	ひみつのアイプリミルフィーカード vol.3					ワンピ	910177	Items/m3-008-1.png	M3-008-1			シューズ	910178	Items/m3-008-2.png	M3-008-3			アクセ	910179	Items/m3-008-3.png	M3-008-4		
	special	9900051		フラワーマーチバズリウムブルー							ワンピ	910180	Items/flower_march_bazrium_blue-1.png				シューズ	910181	Items/flower_march_bazrium_blue-3.png				アクセ	910182	Items/flower_march_bazrium_blue-4.png			
	special	9900052		おしょうがつミント							トップス	910183	Items/oshogatsu_mint-1.png				ボトムス	910184	Items/oshogatsu_mint-2.png				シューズ	910185	Items/oshogatsu_mint-3.png				アクセ	910186	Items/oshogatsu_mint-4.png			
	special	9900053		おとぎばなししらゆきひめホワイト							ワンピ	910187	Items/otogibanashi_shirayukihime_white-1.png				シューズ	910188	Items/otogibanashi_shirayukihime_white-3.png				アクセ	910189	Items/otogibanashi_shirayukihime_white-4.png			
	special	9900055		ゴシックベアパープル	アイプリカード コレクショングミvol.2						ワンピ	910194	Items/gothic_bear_purple-1.png				シューズ	910195	Items/gothic_bear_purple-3.png				アクセ	910196	Items/gothic_bear_purple-4.png			
	special	9900056		ゴシックベアブルー	アイプリカード コレクショングミvol.2						ワンピ	910197	Items/gothic_bear_blue-1.png				シューズ	910198	Items/gothic_bear_blue-3.png				アクセ	910199	Items/gothic_bear_blue-4.png			
	special	9900057		スターカウガールブラウン	アイプリカード コレクショングミvol.2						トップス	910200	Items/star_cow_girl_brown-1.png				ボトムス	910201	Items/star_cow_girl_brown-2.png				シューズ	910202	Items/star_cow_girl_brown-3.png				アクセ	910203	Items/star_cow_girl_brown-4.png			
	special	9900058		ハーバリウムピンク	アイプリカード コレクショングミvol.2						ワンピ	910204	Items/herbarium_pink-1.png				シューズ	910205	Items/herbarium_pink-3.png				アクセ	910206	Items/herbarium_pink-4.png			
	special	9900059		カワイイあめちゃんポップ	CD・Blu-ray	キャラクターソングミニアルバム					ワンピ	910207					シューズ	910208					アクセ	910209				
	special	9900060		カルテットスターバズリウムハートピンク							ワンピ	910210	Items/quartette_start_bazrium_heart_pink-1.png				シューズ	910211	Items/quartette_start_bazrium_heart_pink-2.png				アクセ	910212	Items/quartette_start_bazrium_heart_pink-3.png			
	special	9900061		おとぎばなしワンダーランドピンク							トップス	910213	Items/otogibanashi_wonderland_pink-1.png				ボトムス	910214	Items/otogibanashi_wonderland_pink-2.png				シューズ	910215	Items/otogibanashi_wonderland_pink-3.png				アクセ	910216	Items/otogibanashi_wonderland_pink-4.png			
	special	9900062		オーロラスノーグランプリプレミアム	店頭大会	お店でアイプリグランプリ　参加景品					ワンピ	910217					シューズ	910218					アクセ	910219				
	special	9900063		パンキッシュペンギンホワイト	店頭大会	お店でアイプリグランプリ　抽選参加景品					トップス	910220					ボトムス	910221					シューズ	910222					アクセ	910223				
	special	9900064		バレンタインレターパープル							トップス	910224					ボトムス	910225					シューズ	910226					アクセ	910227				
	special	9900065		セーラーカジュアルパープル							トップス	910228					ボトムス	910229					シューズ	910230					アクセ	910231				
	special	9900066		ハッピーチアパープル							トップス	910232					ボトムス	910233					シューズ	910234					アクセ	910235				
	special	9900067		ポッピンハートバズリウムシークレットフレンズ							ワンピ	910236					シューズ	910237					アクセ	910238				
	special	9900068		ギフトリボン	アイプリカード コレクショングミvol.3						ワンピ	910239					シューズ	910240					アクセ	910241				
	special	9900069		ギフトリボンゴールド	アイプリカード コレクショングミvol.3						ワンピ	910242					シューズ	910243					アクセ	910244				
	special	9900070		あめぽつぽつゆうやけオレンジ	アイプリカード コレクショングミvol.3						トップス	910245					ボトムス	910246					シューズ	910247					アクセ	910248				
	special	9900071		パンキッシュペンギンレッド	アイプリカード コレクショングミvol.3						トップス	910249					ボトムス	910250					シューズ	910251					アクセ	910252				
	special	9900072		リトルフェアリーパープル	CD・Blu-ray	キャラクターソングミニアルバム					ワンピ	910253					シューズ	910254					アクセ	910255				
	special	9900073		ロマンスルージュピンク							トップス	910256					ボトムス	910257					シューズ	910258					アクセ	910259				
	special	9900074		ベリキューデニムラブパープル	ひみつのアイプリファンブック						トップス	910260					ボトムス	910261					シューズ	910262					アクセ	910263				
	special	9900075		ファンタジーハート	ひみつのアイプリブレス	ひみつのアイプリブレスR					トップス	910264					ボトムス	910265					シューズ	910266					アクセ	910267				
	special	9900076		ファンタジームーン	ひみつのアイプリブレス	ひみつのアイプリブレスR					トップス	910268					ボトムス	910269					シューズ	910270					アクセ	910271				
	special	9900077		フォーチュンコスメタロット	ネイルコロン	ひみつのアイプリネイルコロンR					トップス	910272					ボトムス	910273					シューズ	910274					アクセ	910275				
	special	9900078		ロマンチックローズブルーム	ひみつのアイプリミルフィーカードR vol.1	ひみつのアイプリミルフィーカードR vol.1					トップス	910276					ボトムス	910277					シューズ	910278					アクセ	910279				
	special	9900079		ロマンチックリボンリボン	ひみつのアイプリミルフィーカードR vol.1	ひみつのアイプリミルフィーカードR vol.1					トップス	910280					ボトムス	910281					シューズ	910282					アクセ	910283				
	special	9900080		ベリキューデニムピンク	ひみつのアイプリミルフィーカードR vol.1	ひみつのアイプリミルフィーカードR vol.1					トップス	910284					ボトムス	910285					シューズ	910286					アクセ	910287				
	special	9900081		アイプリバースミラクルムーンデニム	ひみつのアイプリミルフィーカードR vol.1	ひみつのアイプリミルフィーカードR vol.1					トップス	910288					ボトムス	910289					シューズ	910290					アクセ	910291				
	special	9900082		ふわもこかいじゅうミルキー	ひみつのアイプリミルフィーカードR vol.1	ひみつのアイプリミルフィーカードR vol.1					トップス	910292					ボトムス	910293					シューズ	910294					アクセ	910295				
	special	9900083		ティーパーティーはるかぜイエロー	ひみつのアイプリミルフィーカードR vol.1	ひみつのアイプリミルフィーカードR vol.1					トップス	910296					ボトムス	910297					シューズ	910298					アクセ	910299				
	special	9900084		スターカウガールブルー	ひみつのアイプリミルフィーカードR vol.1	ひみつのアイプリミルフィーカードR vol.1					トップス	910300					ボトムス	910301					シューズ	910302					アクセ	910303				
	special	9900085		パンキッシュペンギンパープル	ひみつのアイプリミルフィーカードR vol.1	ひみつのアイプリミルフィーカードR vol.1					トップス	910304					ボトムス	910305					シューズ	910306					アクセ	910307				
	special	9900086		フレンチチェックブルー	ひみつのアイプリ デビューカードセットR	ひみつのアイプリ デビューカードセットR					トップス	910308					ボトムス	910309					シューズ	910310					アクセ	910338				
	special	9900087		シャイニービジュー	ひみつのアイプリ デビューカードセットR	ひみつのアイプリ デビューカードセットR					ワンピ	910311					シューズ	910312					アクセ	910313				
	special	9900088		フレンドスターグランプリパステル	ひみつのアイプリファイルバッグセットR	ひみつのアイプリファイルバッグセットR					ワンピ	910314					シューズ	910315					アクセ	910316				
	special	9900089		フラワーペイント	ひみつのアイプリファイルバッグセットR	ひみつのアイプリファイルバッグセットR					トップス	910317					ボトムス	910318					シューズ	910319					アクセ	910320				
	special	9900090		プリうさカチューシャ	ひみつのアイプリ　てのひらぬいぐるみR	ひみつのアイプリ　てのひらぬいぐるみR					アクセ	910321				
	special	9900091		プリねこカチューシャ	ひみつのアイプリ　てのひらぬいぐるみR	ひみつのアイプリ　てのひらぬいぐるみR					アクセ	910322				
	special	9900092		ゆめみるリカちゃんピンクドレス	リカちゃん	ひみつのアイプリ　ひまり×リカちゃん					ワンピ	910323					シューズ	910324					アクセ	910325				
	special	9900093		ゆめみるリカちゃんブルードレス	リカちゃん	ひみつのアイプリ　みつき×つばさちゃん					ワンピ	910326					シューズ	910327					アクセ	910328				
	special	9900094		きらきらくらげレッド							ワンピ	910329					シューズ	910330	Items/kirakira_kurage_red-2.png				アクセ	910331				
	special	9900095		フラワーマーチプリンセスバズリウムピンク							ワンピ	910332					シューズ	910333					アクセ	910334				
	special	9900096		ドーナツパティシエールパープル							ワンピ	910335					シューズ	910336					アクセ	910337				
	special	9900097		ぴょんぴょんうさぎファンシー	推し旅						トップス	910339					ボトムス	910340					シューズ	910341					アクセ	910342				
	special	9900099		ゆめみるリカちゃんホワイトドレス	ハッピーセット		ポッピンハート	2025/4/26			ワンピ	910346					シューズ	910347					アクセ	910348				
	special	9900100		リカちゃんシャイニングブルードレス	ハッピーセット		ミラクルムーン	2025/4/26			トップス	910349					ボトムス	910350					シューズ	910351					アクセ	910352				
	special	9900101		リカちゃんフラワードレス	ハッピーセット		フラワーマーチ	2025/4/26			ワンピ	910353					シューズ	910354					アクセ	910355				
	special	9900102		フラワーメモリーピンク	CD・Blu-ray		フラワーマーチ	2025/4/23			ワンピ	40563	Items/40563.png				シューズ	40564	Items/40564.png				アクセ	40565	Items/40565.png			
	special	9900103		アイドルチェッククールモカベージュ	ひみつのアイプリファンブック						トップス	910357					ボトムス	910358					シューズ	910359					アクセ	910360				
	special	9900104		スペースダイナーミント	ちゃお						トップス	910361					ボトムス	910362					シューズ	910363					アクセ	910364				
	special	9900105		スクールチェックネイビー	アイプリスマホ						トップス	910365					ボトムス	910366					シューズ	910367					アクセ	910368				
	special	9900106		プリうさおでかけブルー							トップス	910369					ボトムス	910370					シューズ	910371					アクセ	910372				
	special	9900107		ジュエルバズリウムルビーパープル	アイプリスマホ						ワンピ	910373					シューズ	910374					アクセ	910375				
	special	9900108		トゥインクルスター							ワンピ	910376					シューズ	910377					アクセ	910378				
	special	9900109		エターナルジュエルブルーピンク える	店頭大会						ワンピ	910379					シューズ	910380					アクセ	910381				
	special	9900110		エターナルジュエルブルーピンク じゅりあ	店頭大会						ワンピ	910382					シューズ	910380					アクセ	910381				
	special	9900111		インフルブルームあじさいブルー	アイプリカード コレクショングミvol.4						トップス	910383					ボトムス	910384					シューズ	910385					アクセ	910386				
	special	9900112		インフルブルームあじさいホワイト	アイプリカード コレクショングミvol.4						トップス	910387					ボトムス	910388					シューズ	910389					アクセ	910390				
	special	9900113		ジュエルバズリウムルビーイエロー	アイプリカード コレクショングミvol.4						ワンピ	910391					シューズ	910392					アクセ	910393				
	special	9900114		うらないしピンク	アイプリカード コレクショングミvol.4						ワンピ	910394					シューズ	910396					アクセ	910397				
	special	9900115		アイプリバースラブマイミュージックイエロー	アイプリカード コレクショングミvol.4						トップス	910398					ボトムス	910399					シューズ	910400					アクセ	910401				
	special	9900116		ミラクルムーンバズリウムシークレットフレンズ∞							ワンピ	910402					シューズ	910403					アクセ	910404				
	special	9900117		こあくまロックグリーンパープル	CD・Blu-ray						トップス	910405	Items/koakuma_rock_green_purple-1.png				ボトムス	910406	Items/koakuma_rock_green_purple-2.png				シューズ	910407	Items/koakuma_rock_green_purple-3.png				アクセ	910408	Items/koakuma_rock_green_purple-4.png			
	special	9900118		アニマルロックピンク	ひみつのアイプリファンブック						トップス	910409					ボトムス	910410					シューズ	910411					アクセ	910412				
	special	9900119		フルーツソーダブルーベリー	ひみつのアイプリミルフィーカードR vol.2	ひみつのアイプリミルフィーカードR vol.2					トップス	910413					ボトムス	910414					シューズ	910415					アクセ	910416				
	special	9900120		フルーツソーダストロベリー	ひみつのアイプリミルフィーカードR vol.2	ひみつのアイプリミルフィーカードR vol.2					トップス	910417					ボトムス	910418					シューズ	910419					アクセ	910420				
	special	9900121		カラフルキャンディブルー	ひみつのアイプリミルフィーカードR vol.2	ひみつのアイプリミルフィーカードR vol.2					トップス	910421					ボトムス	910422					シューズ	910423					アクセ	910424				
	special	9900122		ひまわりサマークール	ひみつのアイプリミルフィーカードR vol.2	ひみつのアイプリミルフィーカードR vol.2					トップス	910425					ボトムス	910426					シューズ	910427					アクセ	910428				
	special	9900123		ミルキーウェイブラックピンク	ひみつのアイプリミルフィーカードR vol.2	ひみつのアイプリミルフィーカードR vol.2					トップス	910429					ボトムス	910430					シューズ	910431					アクセ	910432				
	special	9900124		さわやかマリンパステル	ひみつのアイプリミルフィーカードR vol.2	ひみつのアイプリミルフィーカードR vol.2					トップス	910433					ボトムス	910434					シューズ	910435					アクセ	910436				
	special	9900125		たいようさんさんイエロー	ひみつのアイプリミルフィーカードR vol.2	ひみつのアイプリミルフィーカードR vol.2					トップス	910437					ボトムス	910438					シューズ	910439					アクセ	910440				
	special	9900126		たんけんかレッド	ひみつのアイプリミルフィーカードR vol.2	ひみつのアイプリミルフィーカードR vol.2					トップス	910441					ボトムス	910442					シューズ	910443					アクセ	910444				
	special	9900127		スポーティバレエコアブルー	ちゃお						トップス	910445					ボトムス	910446					シューズ	910447					アクセ	910448				
	special	9900128		フラワーマーチプリンセスバズリウムひみつ							ワンピ	910449	Items/flower_march_princess_bazrium_himitsu-1.jpg				シューズ	910450	Items/flower_march_princess_bazrium_himitsu-2.jpg				アクセ	910451	Items/flower_march_princess_bazrium_himitsu-3.jpg			
	special	9900129		フラワーマーチバズリウムシークレットフレンズ∞							ワンピ	910452					シューズ	910453					アクセ	910454				
	special	9900130		エターナルスペースジャンピンロケットクールレッド	店頭大会						ワンピ	910500					シューズ	910501					アクセ	910502				
	special	9900131		エターナルスペースジャンピンロケットラブリーパープル	店頭大会						ワンピ	910503					シューズ	910504					アクセ	910505				
	special	9900132		スペースこてつくんオレンジ							トップス	910506					ボトムス	910507					シューズ	910508					アクセ	910509				
	special	9900133		スペースこてつくんブルー							トップス	910510					ボトムス	910511					シューズ	910512					アクセ	910513				
	special	9900134		フィーバーエンジェルパープル	CD・Blu-ray						トップス	910514					ボトムス	910515					シューズ	910516					アクセ	910517				
	special	9900135		わんわんアリ・リオコーデ							トップス	910518					ボトムス	910519					シューズ	910520					アクセ	910521				
	special	9900136		スターパラダイスらぁら		アイカツ！×プリパラTHE MOVIE-出会いのキセキ！-					ワンピ	910522					シューズ	910523					アクセ	910524				
	special	9900137		スターパラダイスみれぃ		アイカツ！×プリパラTHE MOVIE-出会いのキセキ！-					ワンピ	910525					シューズ	910526					アクセ	910527				
	special	9900138		スターパラダイスそふぃ		アイカツ！×プリパラTHE MOVIE-出会いのキセキ！-					ワンピ	910528					シューズ	910529					アクセ	910530				
	special	9900139		プリこーんカチューシャ	ひみつのアイプリ　てのひらぬいぐるみR	ひみつのアイプリ　てのひらぬいぐるみR					アクセ	910531				
	special	9900140		クラシカルピュアドール	ひみつのアイプリミルフィーカードR vol.3	ひみつのアイプリミルフィーカードR vol.3					トップス	910532					ボトムス	910533					シューズ	910534					アクセ	910535				
	special	9900141		クラシカルピュアドールクローバー	ひみつのアイプリミルフィーカードR vol.3	ひみつのアイプリミルフィーカードR vol.3					トップス	910536					ボトムス	910537					シューズ	910538					アクセ	910539				
	special	9900142		ゴーストハロウィンホワイト	ひみつのアイプリミルフィーカードR vol.3	ひみつのアイプリミルフィーカードR vol.3					トップス	910540					ボトムス	910541					シューズ	910542					アクセ	910543				
	special	9900143		あめぽつぽつあさやけピンク	ひみつのアイプリミルフィーカードR vol.3	ひみつのアイプリミルフィーカードR vol.3					トップス	910544					ボトムス	910545					シューズ	910546					アクセ	910547				
	special	9900144		ウィンタースノーアイスブルー	ひみつのアイプリミルフィーカードR vol.3	ひみつのアイプリミルフィーカードR vol.3					トップス	910548					ボトムス	910549					シューズ	910550					アクセ	910551				
	special	9900145		ポッピンマーチサーカス	ひみつのアイプリミルフィーカードR vol.3	ひみつのアイプリミルフィーカードR vol.3					トップス	910552					ボトムス	910553					シューズ	910554					アクセ	910555				
	special	9900146		クラシックヴァイオリンドリーム	ひみつのアイプリミルフィーカードR vol.3	ひみつのアイプリミルフィーカードR vol.3					トップス	910556					ボトムス	910557					シューズ	910558					アクセ	910559				
	special	9900147		いたずらモンスタービビッド	ひみつのアイプリミルフィーカードR vol.3	ひみつのアイプリミルフィーカードR vol.3					トップス	910560					ボトムス	910561					シューズ	910562					アクセ	910563				
	special	9900148		おとぎばなしシンデレラグリーン							トップス	910564					ボトムス	910565					シューズ	910566					アクセ	910567				
	special	9900149		ファンタジーリング							トップス	910568					ボトムス	910569					シューズ	910570					アクセ	910571				
	special	9900150		スペースバズリウムスターズメモリー	CD・Blu-ray						ワンピ	910572	Items/40928.png				シューズ	910573	Items/40929.png				アクセ	910574	Items/40930.png			
	special	9900151		フラワーバズリウムカンパニュラピンク							ワンピ	910575					シューズ	910576					アクセ	910577				
	special	9900152		ほしぞらのまほうつかいブルー							ワンピ	910578					シューズ	910580					アクセ	910581				
	special	9900153		ほしぞらのまほうつかいブラック							ワンピ	910582					シューズ	910584					アクセ	910585				
	special	9900154		アニマルバズリウムパンサービビッド							ワンピ	910586					シューズ	910587					アクセ	910588				
	special	9900155		アイプリバースロゼッションレッド							ワンピ	910589					シューズ	910590					アクセ	910591				
	special	9900156		ハートメロディゴールドシルバー							トップス	910592					ボトムス	910593					シューズ	910594					アクセ	910595				
	special	9900157		カラフルシャインレッド							トップス	910596					ボトムス	910597					シューズ	910598					アクセ	910599				
	special	9900158		エターナルアニマルビビアンチィフローラ ビビ							ワンピ	910600					シューズ	910601					アクセ	910602				
	special	9900159		エターナルアニマルビビアンチィフローラ チィ							ワンピ	910603					シューズ	910601					アクセ	910602				
	special	9900160		スペシャルクリスマスピンク							ワンピ	910604					シューズ	910605					アクセ	910606				
	special	9900161		スクールメイツラブリーコズミック							トップス	910607					ボトムス	910608					シューズ	910609					アクセ	910610				
	special	9900162		ひみつのクリスマスイエロー							ワンピ	910611					シューズ	910612					アクセ	910613				
	special	9900163		おとめざみつきブルー							トップス	910614					ボトムス	910615					シューズ	910616					アクセ	910617				
	special	9900164		フレンドスターグランプリホワイトイエロー							ワンピ	910618					シューズ	910619					アクセ	910620				
	special	9900165		カルテットレジェンドピンク							ワンピ	910621					シューズ	910622					アクセ	910623				
	special	9900166		メロディバズリウムアンサンブルミルキーブルー							ワンピ	910624					シューズ	910625					アクセ	910626				
	special	9900167		エターナルフラワールミナスフローラノーブル リング							ワンピ	910627					シューズ	910628					アクセ	910629				
	special	9900168		エターナルフラワールミナスフローラノーブル つむぎ							ワンピ	910630					シューズ	910628					アクセ	910629				
	special	9900169		きらきらくらげオレンジ							ワンピ	910631					シューズ	910632					アクセ	910633				
	special	9900170		ロマンチックリボンリボンピュアホワイト							トップス	910634					ボトムス	910635					シューズ	910636					アクセ	910637				
	special	9900171		エターナルジュエルシークレットフレンズ∞							ワンピ	910638					シューズ	910639					アクセ	910640				
	special	9900172		ゆきうさぎケープアイスブルー							トップス	910641					ボトムス	910642					シューズ	910643					アクセ	910644				
	special	9900173		ゆきうさぎケープミルキーピンク							トップス	910645					ボトムス	910646					シューズ	910647					アクセ	910648				
	special	9900174		スペースバズリウムギャラクシーレッド							ワンピ	910649					シューズ	910650					アクセ	910651				
	special	9900175		マジカルカラットゴールド							トップス	910652					ボトムス	910653					シューズ	910654					アクセ	910655				
	special	9900176		スペースバズリウムプラネットミント	CD・Blu-ray						ワンピ	910656	Items/40987.png				シューズ	910657	Items/40988.png				アクセ	910658	Items/40989.png			
	special	9900177		プリンセスバズリウムハートイエロー							ワンピ	910659					シューズ	910660					アクセ	910661				
	special	9900178		プリンセスアイプリバズリウムピンク							ワンピ	910662					シューズ	910663					アクセ	910664				
	special	9900179		プリンセスアイプリバズリウムブルー							ワンピ	910665					シューズ	910666					アクセ	910667				
	special	9900180		プリンセスバズリウムムーンミルキーパープル							ワンピ	910668					シューズ	910669					アクセ	910670				
	special	9900181		カラフルシャインブラック							トップス	910671					ボトムス	910672					シューズ	910673					アクセ	910674				
	special	9900182		プリンセスバズリウムポッピンドリーミン							ワンピ	910675					シューズ	910676					アクセ	910677				
	special	9900183		ゆうじょうさくらツイン グリーン							ワンピ	910678					シューズ	910679					アクセ	910680				
	special	9900184		おとぎばなしワンダーランドパープル							トップス	910681					ボトムス	910682					シューズ	910683					アクセ	910684				
	special	9900185		アイドルチェックラブリーパステル							トップス	910685					ボトムス	910686					シューズ	910687					アクセ	910688				
	special	9900186		ゆうじょうさくらツイン パープル							ワンピ	910689					シューズ	910690					アクセ	910691				
	special	9900187		ゆうじょうさくらツイン イエロー							ワンピ	910692					シューズ	910693					アクセ	910694				
	special	9900188		ゆうじょうさくらツイン ピュアパープル							ワンピ	910695					シューズ	910696					アクセ	910697				
	special	9900189		ジュエルバズリウムルビーピュアホワイト	CD・Blu-ray						ワンピ	41074	Items/41074.png				シューズ	41075	Items/41075.png				アクセ	41076	Items/41076.png			
	special	9900190		ジュエルバズリウムサファイアピュアホワイト	CD・Blu-ray						ワンピ	41077	Items/41077.png				シューズ	41078	Items/41078.png				アクセ	41079	Items/41079.png			
	special	9901001		すきのクリスタルいのりピンク							トップス	911001					ボトムス	911002				TRUE	シューズ	911003					アクセ	911004				
	special	9901002		プリズムハートパープル							トップス	911005					ボトムス	911006				TRUE	シューズ	911007					アクセ	911008				
	special	9901003		リボンアイドルパステル	おねがいアイプリ ファイルバッグセット	おねがいアイプリ ファイルバッグセット					トップス	911009					ボトムス	911010				TRUE	シューズ	911011					アクセ	911012				
	special	9901004		アイプリゆめゆめブルー	おねがいアイプリ デビューカードセット	おねがいアイプリ デビューカードセット					ワンピ	911013					シューズ	911015					アクセ	911016				
	special	9901005		アイプリすきすきレッド	おねがいアイプリ デビューカードセット	おねがいアイプリ デビューカードセット					ワンピ	911017					シューズ	911019					アクセ	911020				
	special	9901006		プリズムハートブルー	おねがいアイプリ ミラーパクト	おねがいアイプリ ミラーパクト プリズムブルー					トップス	911021					ボトムス	911022				TRUE	シューズ	911023					アクセ	911024				
	special	9901007		プリズムハートピンク	おねがいアイプリ ミラーパクト	おねがいアイプリ ミラーパクト プリズムピンク					トップス	911025					ボトムス	911026				TRUE	シューズ	911027					アクセ	911028				
	special	9901008		ハピネスキューピッド	おねがいアイプリ ミルフィーカード	おねがいアイプリ ミルフィーカードvol.1					トップス	911029					ボトムス	911030					シューズ	911031					アクセ	911032				
	special	9901009		ハピネスバタフライ	おねがいアイプリ ミルフィーカード	おねがいアイプリ ミルフィーカードvol.1					トップス	911033					ボトムス	911034					シューズ	911035					アクセ	911036				
	special	9901010		アニマルロックミント	おねがいアイプリ ミルフィーカード	おねがいアイプリ ミルフィーカードvol.1					トップス	911037					ボトムス	911038					シューズ	911039					アクセ	911040				
	special	9901011		フラワーエプロングリーン	おねがいアイプリ ミルフィーカード	おねがいアイプリ ミルフィーカードvol.1					トップス	911041					ボトムス	911042					シューズ	911043					アクセ	911044				
	special	9901012		にゃんにゃんロリータブルー	おねがいアイプリ ミルフィーカード	おねがいアイプリ ミルフィーカードvol.1					トップス	911045					ボトムス	911046					シューズ	911047					アクセ	911048				
	special	9901013		うさぎぬいぐるみオレンジ	おねがいアイプリ ミルフィーカード	おねがいアイプリ ミルフィーカードvol.1					トップス	911049					ボトムス	911050					シューズ	911051					アクセ	911052				
	special	9901014		レディフライトピンク	おねがいアイプリ ミルフィーカード	おねがいアイプリ ミルフィーカードvol.1					トップス	911053					ボトムス	911054					シューズ	911055					アクセ	911056				
	special	9901015		アイプリバースフューチャースクールクールパープル	おねがいアイプリ ミルフィーカード	おねがいアイプリ ミルフィーカードvol.1					トップス	911057					ボトムス	911058					シューズ	911059					アクセ	911060				
	oa1	9901016		すきすきハートバズリウムピュアピンク	★★★★	★★★★		2026/4/2	2026/6/10		ワンピ	911061					シューズ	911062					アクセ	911063				
	oa1	9901017		ゆめゆめスターバズリウムピュアブルー	フルコーデガチャ おねがい1だん前半	フルコーデガチャ おねがい1だん前半		2026/4/2	2026/5/13		ワンピ	911064					シューズ	911065				TRUE	アクセ	911066				TRUE
	special	9901018		トキメキトゥインクルグリーン	ファンブック						ワンピ	911067					シューズ	911068					アクセ	911069				
	special	9901019		ラブリーマーガレットイエロー	ちゃお						トップス	911070					ボトムス	911071				TRUE	シューズ	911072					アクセ	911073				
	special	9901020		ほしのゆうびんやさんイエロー			5月アイプリカードプレゼント				トップス	911074					ボトムス	911075				TRUE	シューズ	911076					アクセ	911077				
	special	9901021		リボンバレリーナオーロラピンク	アイプリカード コレクショングミvol.1						トップス	911078					ボトムス	911079				TRUE	シューズ	911080					アクセ	911081				
	special	9901022		リボンバレリーナしんかいネイビー	アイプリカード コレクショングミvol.1						トップス	911082					ボトムス	911083				TRUE	シューズ	911084					アクセ	911085				
	special	9901023		すきすきハートバズリウムパープル	アイプリカード コレクショングミvol.1						ワンピ	911086					シューズ	911087					アクセ	911088				
	special	9901024		ブルーソーダ	アイプリカード コレクショングミvol.1						ワンピ	911089					シューズ	911091					アクセ	911092				
	special	9901025		やきたてクッキーいちごミルク	ちゃお						ワンピ	911093					シューズ	911094					アクセ	911095				
	oa1	9901026		ゆめゆめスターバズリウムピュアブルー	フルコーデガチャ おねがい1だん後半	フルコーデガチャ おねがい1だん後半		2026/5/14	2026/6/10		ワンピ	911064					シューズ	911065				TRUE	アクセ	911066				TRUE
	special	9901027		プリンセスバズリウムナイトブルー	CD・Blu-ray		ミラクルムーン			Items/princess_buzrium_night_blue.png	ワンピ	911096	Items/princess_buzrium_night_blue-1.png				シューズ	911097	Items/princess_buzrium_night_blue-2.png				アクセ	911098	Items/princess_buzrium_night_blue-3.png			
	oa2	9901028		ゆうきのフラワーバズリウムレイニーパープル	★★★★	★★★★					ワンピ	911099					シューズ	911101					アクセ	911102				
	oa2	9901029		ゆうじょうスイーツバズリウムレイニーパープル	フルコーデガチャ おねがい2だん前半	フルコーデガチャ おねがい2だん前半		2026/6/11	2026/7/8		ワンピ	911103					シューズ	911105				TRUE	アクセ	911106				TRUE
	special	9901030		たなばたおねがいミント	ちゃお						トップス	911107					ボトムス	911108				TRUE	シューズ	911109					アクセ	911110				
	special	9901031		フラワーブーケオレンジ	アイプリカード コレクショングミvol.2						トップス	911111					ボトムス	911112				TRUE	シューズ	911113					アクセ	911114				
	special	9901032		フラワーブーケピンク	アイプリカード コレクショングミvol.2						トップス	911115					ボトムス	911116				TRUE	シューズ	911117					アクセ	911118				
	special	9901033		ゆうじょうスイーツバズリウムレッド	アイプリカード コレクショングミvol.2						ワンピ	911119					シューズ	911121					アクセ	911122				
	special	9901034		ピーチマリンスカイ	アイプリカード コレクショングミvol.2						トップス	911123					ボトムス	911124				TRUE	シューズ	911125					アクセ	911126				
	special	9901035		シールぺったんチアホワイトブルー	ファンブック						ワンピ	911127					シューズ	911129					アクセ	911130				
	special	9901036		フォーチュおやすみ							ワンピ	911131					シューズ	911133					アクセ	911134				
	special	9901037		ふっくらパンチョコ	ぷっちぐみ						トップス	911135					ボトムス	911136				TRUE	シューズ	911137					アクセ	911138				
	special	9901038		きらめきティアラリボン	アイプリスマホ						トップス	911139					ボトムス	911140				TRUE	シューズ	911141					アクセ	911142				
	special	9901039		ゆめゆめスターバズリウムピュアピンク	アイプリスマホ						ワンピ	911143					シューズ	911145					アクセ	911146				
	special	9901040		バルーンフェスいのりピンク							ワンピ	911147					シューズ	911149					アクセ	911150				
	special	9901041		バルーンフェスイエロー							ワンピ	911151					シューズ	911153					アクセ	911154				
	oa2	9901042		ゆうじょうスイーツバズリウムレイニーパープル	フルコーデガチャ おねがい2だん後半	フルコーデガチャ おねがい2だん後半		2026/7/9	2026/7/29		ワンピ	911103					シューズ	911105				TRUE	アクセ	911106				TRUE
	special	9901043		シールぺったんチアトゥインクル							トップス	911155					ボトムス	911156				TRUE	シューズ	911157					アクセ	911158				
	special	9901044		きらきらオーシャンドルフィン	おねがいアイプリ ミルフィーカード						トップス	911159					ボトムス	911160					シューズ	911161					アクセ	911162				
	special	9901045		きらきらオーシャンペンギン	おねがいアイプリ ミルフィーカード						トップス	911163					ボトムス	911164					シューズ	911165					アクセ	911166				
	special	9901046		ふわふわキャットレッド	おねがいアイプリ ミルフィーカード						トップス	911167					ボトムス	911168					シューズ	911169					アクセ	911170				
	special	9901047		ブリティッシュジェントルクール	おねがいアイプリ ミルフィーカード						トップス	911171					ボトムス	911172					シューズ	911173					アクセ	911174				
	special	9901048		オーシャンコスメイエロー	おねがいアイプリ ミルフィーカード						トップス	911175					ボトムス	911176					シューズ	911177					アクセ	911178				
	special	9901049		ロッキンスターオレンジ	おねがいアイプリ ミルフィーカード						トップス	911179					ボトムス	911180					シューズ	911181					アクセ	911182				
	special	9901050		フラワーオーバーパープル	おねがいアイプリ ミルフィーカード						トップス	911183					ボトムス	911184					シューズ	911185					アクセ	911186				
	special	9901051		こんぺいとうファンシー	おねがいアイプリ ミルフィーカード						トップス	911187					ボトムス	911188					シューズ	911189					アクセ	911190				
	oa3	9901052		じょうねつゴシックバズリウムコズミック	★★★★						ワンピ	911191					シューズ	911193					アクセ	911194				
	oa3	9901053		きぼうのクリスタルバズリウムコズミック	フルコーデガチャ おねがい3だん前半						ワンピ	911195					シューズ	911197				TRUE	アクセ	911198				TRUE
	special	9901054		トキメキトゥインクルミックス							ワンピ	911199					シューズ	911201					アクセ	911202				
	special	9901055		ゴシックフレアピンク	ファンブック						ワンピ	911203					シューズ	911205					アクセ	911206				
	special	9901056		ゆめゆめスターバズリウムいのりピンク	DMMスクラッチ						ワンピ	911207					シューズ	911209					アクセ	911210				
	special	9901057		すきすきハートバズリウムあおいブルー	DMMスクラッチ						ワンピ	911211					シューズ	911213					アクセ	911214				
	special	9901058		ゆうきのフラワーバズリウムぐみグリーン	DMMスクラッチ						ワンピ	911215					シューズ	911217					アクセ	911218				
	special	9901059		ゆうじょうスイーツバズリウムおりびあイエロー	DMMスクラッチ						ワンピ	911219					シューズ	911221					アクセ	911222				
Name				カワイイくまさんゆめかわ	ひみつのアイプリファンブック		ベアベアベア			
